-2000	1.146900
-1999	1.143412
-1998	1.148187
-1997	1.146549
-1996	1.147586
-1995	1.146174
-1994	1.149391
-1993	1.152715
-1992	1.154325
-1991	1.155160
-1990	1.161327
-1989	1.157337
-1988	1.159170
-1987	1.159808
-1986	1.163941
-1985	1.164899
-1984	1.166376
-1983	1.165488
-1982	1.164968
-1981	1.163572
-1980	1.161964
-1979	1.163485
-1978	1.164801
-1977	1.162857
-1976	1.162813
-1975	1.161463
-1974	1.162108
-1973	1.167039
-1972	1.166215
-1971	1.168031
-1970	1.167391
-1969	1.171916
-1968	1.172223
-1967	1.173761
-1966	1.175496
-1965	1.171803
-1964	1.165653
-1963	1.165205
-1962	1.167097
-1961	1.167986
-1960	1.171014
-1959	1.169138
-1958	1.174857
-1957	1.175007
-1956	1.175724
-1955	1.180905
-1954	1.182266
-1953	1.183228
-1952	1.182197
-1951	1.182875
-1950	1.184835
-1949	1.187176
-1948	1.188202
-1947	1.193680
-1946	1.192592
-1945	1.195370
-1944	1.197914
-1943	1.197773
-1942	1.201625
-1941	1.200817
-1940	1.199414
-1939	1.199918
-1938	1.202025
-1937	1.203163
-1936	1.201707
-1935	1.205147
-1934	1.208722
-1933	1.205629
-1932	1.208709
-1931	1.209394
-1930	1.212757
-1929	1.216851
-1928	1.217357
-1927	1.215245
-1926	1.217604
-1925	1.216424
-1924	1.218381
-1923	1.213357
-1922	1.214381
-1921	1.217911
-1920	1.218364
-1919	1.217996
-1918	1.220116
-1917	1.222359
-1916	1.218212
-1915	1.218176
-1914	1.214032
-1913	1.214832
-1912	1.212249
-1911	1.218957
-1910	1.219354
-1909	1.219556
-1908	1.220449
-1907	1.219707
-1906	1.221090
-1905	1.223910
-1904	1.226912
-1903	1.226508
-1902	1.222704
-1901	1.225434
-1900	1.224960
-1899	1.224183
-1898	1.223025
-1897	1.224062
-1896	1.221477
-1895	1.222726
-1894	1.222013
-1893	1.221649
-1892	1.222797
-1891	1.223009
-1890	1.224393
-1889	1.223414
-1888	1.226685
-1887	1.227833
-1886	1.231937
-1885	1.233028
-1884	1.231809
-1883	1.237623
-1882	1.238135
-1881	1.235883
-1880	1.246182
-1879	1.246293
-1878	1.241410
-1877	1.237325
-1876	1.237570
-1875	1.237122
-1874	1.232836
-1873	1.233896
-1872	1.232235
-1871	1.233280
-1870	1.234800
-1869	1.230677
-1868	1.234508
-1867	1.232122
-1866	1.226249
-1865	1.229272
-1864	1.236563
-1863	1.238017
-1862	1.235970
-1861	1.235982
-1860	1.235727
-1859	1.241877
-1858	1.242884
-1857	1.244160
-1856	1.246458
-1855	1.253513
-1854	1.256725
-1853	1.260278
-1852	1.260462
-1851	1.260661
-1850	1.265010
-1849	1.269808
-1848	1.268589
-1847	1.269563
-1846	1.271329
-1845	1.273529
-1844	1.271052
-1843	1.279370
-1842	1.284910
-1841	1.288169
-1840	1.282714
-1839	1.281276
-1838	1.281497
-1837	1.277959
-1836	1.282449
-1835	1.284360
-1834	1.287379
-1833	1.285379
-1832	1.285948
-1831	1.282645
-1830	1.287696
-1829	1.290651
-1828	1.293164
-1827	1.292426
-1826	1.292599
-1825	1.291877
-1824	1.288661
-1823	1.288934
-1822	1.288569
-1821	1.288081
-1820	1.288013
-1819	1.289278
-1818	1.286208
-1817	1.289852
-1816	1.290261
-1815	1.291717
-1814	1.290750
-1813	1.292131
-1812	1.294868
-1811	1.295723
-1810	1.301092
-1809	1.305341
-1808	1.305344
-1807	1.310606
-1806	1.310157
-1805	1.307727
-1804	1.310649
-1803	1.312668
-1802	1.308427
-1801	1.307397
-1800	1.311905
-1799	1.311136
-1798	1.318580
-1797	1.317856
-1796	1.321484
-1795	1.320651
-1794	1.321162
-1793	1.319556
-1792	1.315279
-1791	1.318515
-1790	1.324752
-1789	1.324672
-1788	1.325556
-1787	1.325882
-1786	1.327050
-1785	1.329652
-1784	1.334176
-1783	1.333968
-1782	1.338479
-1781	1.342040
-1780	1.342881
-1779	1.337684
-1778	1.345017
-1777	1.346837
-1776	1.344199
-1775	1.343253
-1774	1.338248
-1773	1.340822
-1772	1.343585
-1771	1.344660
-1770	1.346746
-1769	1.342987
-1768	1.342980
-1767	1.344183
-1766	1.347562
-1765	1.349532
-1764	1.356678
-1763	1.358824
-1762	1.360555
-1761	1.360391
-1760	1.359065
-1759	1.360119
-1758	1.360425
-1757	1.361374
-1756	1.366322
-1755	1.363155
-1754	1.364965
-1753	1.366477
-1752	1.368947
-1751	1.369141
-1750	1.372793
-1749	1.372694
-1748	1.374178
-1747	1.379412
-1746	1.380568
-1745	1.373682
-1744	1.377060
-1743	1.378061
-1742	1.382935
-1741	1.382396
-1740	1.385786
-1739	1.394910
-1738	1.394176
-1737	1.396640
-1736	1.398575
-1735	1.396957
-1734	1.397731
-1733	1.390795
-1732	1.392079
-1731	1.391923
-1730	1.390372
-1729	1.393212
-1728	1.393114
-1727	1.395675
-1726	1.395857
-1725	1.397559
-1724	1.398211
-1723	1.399097
-1722	1.397675
-1721	1.398899
-1720	1.397982
-1719	1.397761
-1718	1.404830
-1717	1.402857
-1716	1.403513
-1715	1.409498
-1714	1.410218
-1713	1.413019
-1712	1.412077
-1711	1.415956
-1710	1.414232
-1709	1.414127
-1708	1.416570
-1707	1.418390
-1706	1.418604
-1705	1.417182
-1704	1.413413
-1703	1.412250
-1702	1.407692
-1701	1.406502
-1700	1.408534
-1699	1.407808
-1698	1.415512
-1697	1.412613
-1696	1.409776
-1695	1.416109
-1694	1.416216
-1693	1.415576
-1692	1.413041
-1691	1.413275
-1690	1.417722
-1689	1.425403
-1688	1.427855
-1687	1.432590
-1686	1.432267
-1685	1.435632
-1684	1.434206
-1683	1.433626
-1682	1.437152
-1681	1.437534
-1680	1.433541
-1679	1.434382
-1678	1.434824
-1677	1.436037
-1676	1.439285
-1675	1.438788
-1674	1.441785
-1673	1.448627
-1672	1.449177
-1671	1.452901
-1670	1.451709
-1669	1.454258
-1668	1.454842
-1667	1.456905
-1666	1.461283
-1665	1.465322
-1664	1.463414
-1663	1.466542
-1662	1.468615
-1661	1.471506
-1660	1.473818
-1659	1.474132
-1658	1.474671
-1657	1.477801
-1656	1.481702
-1655	1.478900
-1654	1.479424
-1653	1.479880
-1652	1.480879
-1651	1.478913
-1650	1.480466
-1649	1.483077
-1648	1.483213
-1647	1.489127
-1646	1.488372
-1645	1.487917
-1644	1.494866
-1643	1.492623
-1642	1.498058
-1641	1.505996
-1640	1.509515
-1639	1.511171
-1638	1.511242
-1637	1.518116
-1636	1.520569
-1635	1.521663
-1634	1.523227
-1633	1.520448
-1632	1.520848
-1631	1.520115
-1630	1.520320
-1629	1.518627
-1628	1.521331
-1627	1.512604
-1626	1.508438
-1625	1.503435
-1624	1.502202
-1623	1.499990
-1622	1.500311
-1621	1.499988
-1620	1.499333
-1619	1.497250
-1618	1.494911
-1617	1.494217
-1616	1.495192
-1615	1.494354
-1614	1.497334
-1613	1.503069
-1612	1.503109
-1611	1.503749
-1610	1.501711
-1609	1.503404
-1608	1.505655
-1607	1.507205
-1606	1.508086
-1605	1.512811
-1604	1.513291
-1603	1.517633
-1602	1.521074
-1601	1.524519
-1600	1.528345
-1599	1.532924
-1598	1.533246
-1597	1.534481
-1596	1.534405
-1595	1.531670
-1594	1.533256
-1593	1.535419
-1592	1.535760
-1591	1.535089
-1590	1.537364
-1589	1.537269
-1588	1.540348
-1587	1.532724
-1586	1.533757
-1585	1.536325
-1584	1.538879
-1583	1.540932
-1582	1.540634
-1581	1.542017
-1580	1.543826
-1579	1.542194
-1578	1.541243
-1577	1.544432
-1576	1.544427
-1575	1.543384
-1574	1.546688
-1573	1.547837
-1572	1.552862
-1571	1.553290
-1570	1.555835
-1569	1.557574
-1568	1.558573
-1567	1.564898
-1566	1.565762
-1565	1.561236
-1564	1.559703
-1563	1.560252
-1562	1.561220
-1561	1.562829
-1560	1.562743
-1559	1.563460
-1558	1.570798
-1557	1.572627
-1556	1.571211
-1555	1.567100
-1554	1.572051
-1553	1.569979
-1552	1.571014
-1551	1.564901
-1550	1.572341
-1549	1.577815
-1548	1.578622
-1547	1.575160
-1546	1.578798
-1545	1.580620
-1544	1.584284
-1543	1.587052
-1542	1.580179
-1541	1.577411
-1540	1.575685
-1539	1.574180
-1538	1.574827
-1537	1.579194
-1536	1.579937
-1535	1.580021
-1534	1.580327
-1533	1.582806
-1532	1.589177
-1531	1.590173
-1530	1.597036
-1529	1.599037
-1528	1.598221
-1527	1.599772
-1526	1.603787
-1525	1.604558
-1524	1.607755
-1523	1.604565
-1522	1.598369
-1521	1.598437
-1520	1.603100
-1519	1.607018
-1518	1.611991
-1517	1.604875
-1516	1.602387
-1515	1.602831
-1514	1.603573
-1513	1.605835
-1512	1.605224
-1511	1.608026
-1510	1.608247
-1509	1.610041
-1508	1.610579
-1507	1.612789
-1506	1.613744
-1505	1.615528
-1504	1.615910
-1503	1.616966
-1502	1.615440
-1501	1.618104
-1500	1.618633
-1499	1.620087
-1498	1.625960
-1497	1.629822
-1496	1.632101
-1495	1.635062
-1494	1.649182
-1493	1.647093
-1492	1.648111
-1491	1.648628
-1490	1.649188
-1489	1.650700
-1488	1.650851
-1487	1.655099
-1486	1.656184
-1485	1.657565
-1484	1.659330
-1483	1.661851
-1482	1.668938
-1481	1.672335
-1480	1.674513
-1479	1.676140
-1478	1.680906
-1477	1.683850
-1476	1.686080
-1475	1.687872
-1474	1.686917
-1473	1.694516
-1472	1.693213
-1471	1.690686
-1470	1.693175
-1469	1.695402
-1468	1.699673
-1467	1.706213
-1466	1.709045
-1465	1.707983
-1464	1.711268
-1463	1.710500
-1462	1.709689
-1461	1.708153
-1460	1.709508
-1459	1.711869
-1458	1.714153
-1457	1.716651
-1456	1.713369
-1455	1.718641
-1454	1.720383
-1453	1.719924
-1452	1.720216
-1451	1.718471
-1450	1.716803
-1449	1.718481
-1448	1.718661
-1447	1.723428
-1446	1.723125
-1445	1.723940
-1444	1.712613
-1443	1.715446
-1442	1.717549
-1441	1.719384
-1440	1.717085
-1439	1.717077
-1438	1.719111
-1437	1.721651
-1436	1.721727
-1435	1.722609
-1434	1.724779
-1433	1.723693
-1432	1.723826
-1431	1.722889
-1430	1.724306
-1429	1.723610
-1428	1.726103
-1427	1.728174
-1426	1.733151
-1425	1.737260
-1424	1.737505
-1423	1.741167
-1422	1.741791
-1421	1.748014
-1420	1.748396
-1419	1.751806
-1418	1.754815
-1417	1.754490
-1416	1.753780
-1415	1.749777
-1414	1.755187
-1413	1.757491
-1412	1.762485
-1411	1.761729
-1410	1.763715
-1409	1.766842
-1408	1.771283
-1407	1.773688
-1406	1.776908
-1405	1.781295
-1404	1.783967
-1403	1.782391
-1402	1.787968
-1401	1.789137
-1400	1.792100
-1399	1.795035
-1398	1.796495
-1397	1.798871
-1396	1.799885
-1395	1.799775
-1394	1.801786
-1393	1.801039
-1392	1.805036
-1391	1.809056
-1390	1.806382
-1389	1.809718
-1388	1.810058
-1387	1.811651
-1386	1.813152
-1385	1.817469
-1384	1.816452
-1383	1.820904
-1382	1.822792
-1381	1.821148
-1380	1.822145
-1379	1.827815
-1378	1.832863
-1377	1.833047
-1376	1.832715
-1375	1.832486
-1374	1.835024
-1373	1.838826
-1372	1.840416
-1371	1.842857
-1370	1.840805
-1369	1.836593
-1368	1.837481
-1367	1.837503
-1366	1.841258
-1365	1.841657
-1364	1.855750
-1363	1.859633
-1362	1.862989
-1361	1.864208
-1360	1.869619
-1359	1.875431
-1358	1.875783
-1357	1.875660
-1356	1.873899
-1355	1.881935
-1354	1.882370
-1353	1.885737
-1352	1.890435
-1351	1.889965
-1350	1.891317
-1349	1.897558
-1348	1.898172
-1347	1.900514
-1346	1.904957
-1345	1.908733
-1344	1.910259
-1343	1.914071
-1342	1.912283
-1341	1.908680
-1340	1.912038
-1339	1.912720
-1338	1.915757
-1337	1.918561
-1336	1.918674
-1335	1.922063
-1334	1.927422
-1333	1.928788
-1332	1.934041
-1331	1.936843
-1330	1.940020
-1329	1.938890
-1328	1.943879
-1327	1.948544
-1326	1.951523
-1325	1.951169
-1324	1.950026
-1323	1.950881
-1322	1.952612
-1321	1.953825
-1320	1.954285
-1319	1.964059
-1318	1.965962
-1317	1.972932
-1316	1.980355
-1315	1.986854
-1314	1.990132
-1313	1.991245
-1312	1.990718
-1311	1.993615
-1310	1.998824
-1309	1.998216
-1308	2.000015
-1307	1.997582
-1306	2.001584
-1305	2.001768
-1304	2.004573
-1303	2.009672
-1302	2.007740
-1301	2.003749
-1300	2.004411
-1299	2.007741
-1298	2.015452
-1297	2.018848
-1296	2.024643
-1295	2.023684
-1294	2.024800
-1293	2.020921
-1292	2.027092
-1291	2.029527
-1290	2.031247
-1289	2.038905
-1288	2.038577
-1287	2.038258
-1286	2.043009
-1285	2.047081
-1284	2.047351
-1283	2.044064
-1282	2.043082
-1281	2.043437
-1280	2.043522
-1279	2.046963
-1278	2.049217
-1277	2.057638
-1276	2.062651
-1275	2.069213
-1274	2.069882
-1273	2.070665
-1272	2.072882
-1271	2.070806
-1270	2.075340
-1269	2.069372
-1268	2.070602
-1267	2.067144
-1266	2.069654
-1265	2.073372
-1264	2.074728
-1263	2.079548
-1262	2.089386
-1261	2.091610
-1260	2.093464
-1259	2.094200
-1258	2.097401
-1257	2.096837
-1256	2.096143
-1255	2.100585
-1254	2.101094
-1253	2.104499
-1252	2.106023
-1251	2.109741
-1250	2.112428
-1249	2.121055
-1248	2.123556
-1247	2.124605
-1246	2.127202
-1245	2.126303
-1244	2.133604
-1243	2.138535
-1242	2.146079
-1241	2.150075
-1240	2.154774
-1239	2.156631
-1238	2.162901
-1237	2.169657
-1236	2.180435
-1235	2.179534
-1234	2.185182
-1233	2.176704
-1232	2.181833
-1231	2.182275
-1230	2.185052
-1229	2.182729
-1228	2.180800
-1227	2.182762
-1226	2.186356
-1225	2.189629
-1224	2.191266
-1223	2.196599
-1222	2.194668
-1221	2.198703
-1220	2.207606
-1219	2.208602
-1218	2.214510
-1217	2.217997
-1216	2.222798
-1215	2.228967
-1214	2.235730
-1213	2.235108
-1212	2.241079
-1211	2.245829
-1210	2.245875
-1209	2.255541
-1208	2.256025
-1207	2.258827
-1206	2.262031
-1205	2.268272
-1204	2.271624
-1203	2.274652
-1202	2.277660
-1201	2.286275
-1200	2.288696
-1199	2.294378
-1198	2.293850
-1197	2.289752
-1196	2.290588
-1195	2.293013
-1194	2.295527
-1193	2.301118
-1192	2.303829
-1191	2.307004
-1190	2.313173
-1189	2.313404
-1188	2.316357
-1187	2.319866
-1186	2.326614
-1185	2.323814
-1184	2.326488
-1183	2.326570
-1182	2.334397
-1181	2.334448
-1180	2.340067
-1179	2.340848
-1178	2.346553
-1177	2.354897
-1176	2.364153
-1175	2.370104
-1174	2.370769
-1173	2.375431
-1172	2.373819
-1171	2.379217
-1170	2.378392
-1169	2.384028
-1168	2.386802
-1167	2.388299
-1166	2.391213
-1165	2.402932
-1164	2.404470
-1163	2.410605
-1162	2.415358
-1161	2.428079
-1160	2.432617
-1159	2.440046
-1158	2.443580
-1157	2.448843
-1156	2.458318
-1155	2.466131
-1154	2.463157
-1153	2.466074
-1152	2.470656
-1151	2.476555
-1150	2.481982
-1149	2.475820
-1148	2.482121
-1147	2.488562
-1146	2.495719
-1145	2.503432
-1144	2.507893
-1143	2.506889
-1142	2.511454
-1141	2.513839
-1140	2.517684
-1139	2.519793
-1138	2.519767
-1137	2.530144
-1136	2.536328
-1135	2.542275
-1134	2.542984
-1133	2.545585
-1132	2.552043
-1131	2.562689
-1130	2.571373
-1129	2.571454
-1128	2.567333
-1127	2.573427
-1126	2.580572
-1125	2.586521
-1124	2.592059
-1123	2.601690
-1122	2.603809
-1121	2.608250
-1120	2.610934
-1119	2.620873
-1118	2.624492
-1117	2.631480
-1116	2.640422
-1115	2.643775
-1114	2.648494
-1113	2.653296
-1112	2.656412
-1111	2.659795
-1110	2.664339
-1109	2.665404
-1108	2.673004
-1107	2.678688
-1106	2.679711
-1105	2.685698
-1104	2.688079
-1103	2.693073
-1102	2.697403
-1101	2.703292
-1100	2.706038
-1099	2.716660
-1098	2.719916
-1097	2.719836
-1096	2.723691
-1095	2.729476
-1094	2.727047
-1093	2.739304
-1092	2.745013
-1091	2.751923
-1090	2.754727
-1089	2.764103
-1088	2.767480
-1087	2.775385
-1086	2.778586
-1085	2.779459
-1084	2.786008
-1083	2.788950
-1082	2.794325
-1081	2.794352
-1080	2.802532
-1079	2.806656
-1078	2.811742
-1077	2.822766
-1076	2.831458
-1075	2.833528
-1074	2.827568
-1073	2.831256
-1072	2.832563
-1071	2.843155
-1070	2.856424
-1069	2.857177
-1068	2.862302
-1067	2.860876
-1066	2.871154
-1065	2.874577
-1064	2.879510
-1063	2.890471
-1062	2.898338
-1061	2.907731
-1060	2.912360
-1059	2.915831
-1058	2.920991
-1057	2.926674
-1056	2.939616
-1055	2.949012
-1054	2.947458
-1053	2.948488
-1052	2.954590
-1051	2.960466
-1050	2.968965
-1049	2.972074
-1048	2.965367
-1047	2.972094
-1046	2.986107
-1045	2.990843
-1044	3.006570
-1043	3.007715
-1042	3.004776
-1041	3.009445
-1040	3.013093
-1039	3.016258
-1038	3.023044
-1037	3.023834
-1036	3.025284
-1035	3.037482
-1034	3.040960
-1033	3.045344
-1032	3.052072
-1031	3.063420
-1030	3.070187
-1029	3.076459
-1028	3.085924
-1027	3.095600
-1026	3.105092
-1025	3.114970
-1024	3.122157
-1023	3.128996
-1022	3.135473
-1021	3.143232
-1020	3.150410
-1019	3.154217
-1018	3.165230
-1017	3.165439
-1016	3.175451
-1015	3.179610
-1014	3.194286
-1013	3.195634
-1012	3.206203
-1011	3.208169
-1010	3.209802
-1009	3.207260
-1008	3.222768
-1007	3.216627
-1006	3.221449
-1005	3.226709
-1004	3.234229
-1003	3.242012
-1002	3.247093
-1001	3.255131
-1000	3.256698
-999	3.259035
-998	3.261198
-997	3.270315
-996	3.278086
-995	3.286204
-994	3.299209
-993	3.303063
-992	3.309009
-991	3.322916
-990	3.328317
-989	3.326406
-988	3.336600
-987	3.342354
-986	3.348692
-985	3.362418
-984	3.372480
-983	3.384684
-982	3.391446
-981	3.398467
-980	3.404325
-979	3.415170
-978	3.414211
-977	3.415313
-976	3.425400
-975	3.432363
-974	3.436010
-973	3.439194
-972	3.448684
-971	3.454754
-970	3.461220
-969	3.469201
-968	3.477848
-967	3.485095
-966	3.498048
-965	3.509469
-964	3.517620
-963	3.522876
-962	3.532662
-961	3.546691
-960	3.560155
-959	3.572758
-958	3.583679
-957	3.591592
-956	3.605324
-955	3.605694
-954	3.613575
-953	3.620396
-952	3.630654
-951	3.641841
-950	3.648656
-949	3.643024
-948	3.651944
-947	3.663166
-946	3.670084
-945	3.682671
-944	3.688555
-943	3.697156
-942	3.704406
-941	3.709865
-940	3.717357
-939	3.722445
-938	3.730031
-937	3.734692
-936	3.739056
-935	3.744900
-934	3.753865
-933	3.756787
-932	3.755703
-931	3.769513
-930	3.775865
-929	3.790597
-928	3.794348
-927	3.799678
-926	3.809025
-925	3.823894
-924	3.847766
-923	3.853951
-922	3.866196
-921	3.871122
-920	3.883982
-919	3.902571
-918	3.910666
-917	3.922447
-916	3.932395
-915	3.943031
-914	3.960729
-913	3.963878
-912	3.965617
-911	3.978594
-910	3.986248
-909	3.993423
-908	3.999428
-907	4.007618
-906	4.014712
-905	4.025723
-904	4.044624
-903	4.051831
-902	4.063317
-901	4.067153
-900	4.071734
-899	4.083695
-898	4.097416
-897	4.105133
-896	4.115557
-895	4.122807
-894	4.133553
-893	4.144854
-892	4.150623
-891	4.160637
-890	4.175654
-889	4.190637
-888	4.200969
-887	4.210106
-886	4.226675
-885	4.236320
-884	4.250656
-883	4.256792
-882	4.268650
-881	4.280054
-880	4.293746
-879	4.304439
-878	4.309432
-877	4.321165
-876	4.336564
-875	4.341548
-874	4.352139
-873	4.360590
-872	4.375437
-871	4.384211
-870	4.383492
-869	4.401659
-868	4.412160
-867	4.416404
-866	4.428451
-865	4.432790
-864	4.440123
-863	4.446014
-862	4.448539
-861	4.459612
-860	4.470874
-859	4.485169
-858	4.498591
-857	4.510233
-856	4.525606
-855	4.537509
-854	4.539354
-853	4.560508
-852	4.569976
-851	4.583884
-850	4.597313
-849	4.599295
-848	4.618265
-847	4.633194
-846	4.646040
-845	4.659919
-844	4.672061
-843	4.684984
-842	4.699076
-841	4.715318
-840	4.732809
-839	4.745397
-838	4.747466
-837	4.757882
-836	4.760700
-835	4.765917
-834	4.776631
-833	4.800223
-832	4.815899
-831	4.826600
-830	4.842225
-829	4.856506
-828	4.868112
-827	4.879817
-826	4.889774
-825	4.899352
-824	4.914634
-823	4.922078
-822	4.944921
-821	4.959599
-820	4.970743
-819	4.977046
-818	4.997071
-817	5.014267
-816	5.028925
-815	5.040728
-814	5.052563
-813	5.068109
-812	5.084064
-811	5.096975
-810	5.112695
-809	5.123145
-808	5.141649
-807	5.157642
-806	5.168115
-805	5.189166
-804	5.203660
-803	5.211740
-802	5.222605
-801	5.233733
-800	5.240133
-799	5.261408
-798	5.267182
-797	5.275584
-796	5.284018
-795	5.291000
-794	5.306289
-793	5.309591
-792	5.323270
-791	5.337964
-790	5.349983
-789	5.356943
-788	5.376566
-787	5.381584
-786	5.398534
-785	5.410452
-784	5.427344
-783	5.432588
-782	5.449000
-781	5.466407
-780	5.470859
-779	5.478567
-778	5.482857
-777	5.502339
-776	5.517175
-775	5.539532
-774	5.550748
-773	5.564625
-772	5.569472
-771	5.575210
-770	5.588128
-769	5.613970
-768	5.635721
-767	5.639237
-766	5.653552
-765	5.684483
-764	5.710057
-763	5.730305
-762	5.744867
-761	5.762844
-760	5.774236
-759	5.790845
-758	5.802890
-757	5.817189
-756	5.834481
-755	5.850580
-754	5.866321
-753	5.881563
-752	5.892802
-751	5.911679
-750	5.919278
-749	5.924336
-748	5.934920
-747	5.948100
-746	5.958535
-745	5.970725
-744	5.986375
-743	6.006110
-742	6.034256
-741	6.061970
-740	6.077224
-739	6.087351
-738	6.094084
-737	6.107250
-736	6.121640
-735	6.136384
-734	6.156740
-733	6.159950
-732	6.169491
-731	6.187313
-730	6.202408
-729	6.220366
-728	6.234733
-727	6.258704
-726	6.278460
-725	6.292449
-724	6.314886
-723	6.324548
-722	6.336690
-721	6.344515
-720	6.363923
-719	6.369535
-718	6.376584
-717	6.397767
-716	6.414225
-715	6.423731
-714	6.453776
-713	6.471826
-712	6.495404
-711	6.504878
-710	6.524625
-709	6.535964
-708	6.557949
-707	6.583113
-706	6.609635
-705	6.629370
-704	6.644499
-703	6.659744
-702	6.687879
-701	6.711659
-700	6.720368
-699	6.731452
-698	6.756947
-697	6.763575
-696	6.788556
-695	6.794406
-694	6.804954
-693	6.816646
-692	6.842048
-691	6.865628
-690	6.882317
-689	6.902432
-688	6.920041
-687	6.934005
-686	6.944808
-685	6.953838
-684	6.978418
-683	6.994510
-682	7.012576
-681	7.032340
-680	7.035861
-679	7.058384
-678	7.068993
-677	7.081515
-676	7.102765
-675	7.117015
-674	7.139515
-673	7.157445
-672	7.175493
-671	7.191053
-670	7.211368
-669	7.228354
-668	7.244919
-667	7.257610
-666	7.271433
-665	7.280735
-664	7.292506
-663	7.310260
-662	7.333992
-661	7.352103
-660	7.371356
-659	7.394230
-658	7.416701
-657	7.441717
-656	7.452556
-655	7.458036
-654	7.487856
-653	7.498329
-652	7.507773
-651	7.526076
-650	7.541699
-649	7.546478
-648	7.569504
-647	7.592415
-646	7.620426
-645	7.651866
-644	7.666147
-643	7.679390
-642	7.689409
-641	7.692384
-640	7.710193
-639	7.733959
-638	7.747284
-637	7.768711
-636	7.797264
-635	7.811586
-634	7.822054
-633	7.840660
-632	7.846704
-631	7.874748
-630	7.894275
-629	7.918941
-628	7.936092
-627	7.965961
-626	7.979958
-625	8.002843
-624	8.045800
-623	8.066037
-622	8.088166
-621	8.094576
-620	8.126324
-619	8.141530
-618	8.151087
-617	8.164782
-616	8.169350
-615	8.192050
-614	8.207851
-613	8.231329
-612	8.252566
-611	8.266182
-610	8.269623
-609	8.291776
-608	8.307661
-607	8.329786
-606	8.336507
-605	8.363900
-604	8.392679
-603	8.409293
-602	8.422992
-601	8.457129
-600	8.464258
-599	8.483600
-598	8.510568
-597	8.524922
-596	8.548524
-595	8.574755
-594	8.596852
-593	8.624429
-592	8.636128
-591	8.662425
-590	8.688280
-589	8.712217
-588	8.725394
-587	8.735863
-586	8.770901
-585	8.792034
-584	8.818201
-583	8.849230
-582	8.880679
-581	8.892350
-580	8.918773
-579	8.928404
-578	8.950742
-577	8.974017
-576	8.978588
-575	8.992720
-574	9.027723
-573	9.048680
-572	9.058953
-571	9.072644
-570	9.089039
-569	9.105649
-568	9.147929
-567	9.160671
-566	9.182568
-565	9.212088
-564	9.262510
-563	9.284156
-562	9.326162
-561	9.353365
-560	9.380252
-559	9.392452
-558	9.393608
-557	9.419768
-556	9.438106
-555	9.455921
-554	9.472325
-553	9.489935
-552	9.494960
-551	9.528117
-550	9.541877
-549	9.558224
-548	9.591847
-547	9.614735
-546	9.619302
-545	9.638601
-544	9.662675
-543	9.675134
-542	9.677541
-541	9.693226
-540	9.708662
-539	9.729838
-538	9.746248
-537	9.773434
-536	9.788557
-535	9.804748
-534	9.818625
-533	9.833980
-532	9.863547
-531	9.879366
-530	9.893022
-529	9.919930
-528	9.929496
-527	9.958989
-526	9.972061
-525	10.010999
-524	10.039554
-523	10.065078
-522	10.092860
-521	10.107335
-520	10.117715
-519	10.142655
-518	10.160467
-517	10.182867
-516	10.225065
-515	10.238994
-514	10.242976
-513	10.274476
-512	10.306075
-511	10.322732
-510	10.334143
-509	10.356667
-508	10.379084
-507	10.397334
-506	10.417157
-505	10.437995
-504	10.461818
-503	10.500557
-502	10.514874
-501	10.524658
-500	10.535070
-499	10.568410
-498	10.607658
-497	10.637158
-496	10.658504
-495	10.687504
-494	10.725321
-493	10.763025
-492	10.768801
-491	10.797621
-490	10.814434
-489	10.825653
-488	10.829281
-487	10.860437
-486	10.885503
-485	10.909008
-484	10.938271
-483	10.957953
-482	10.988399
-481	11.010874
-480	11.037506
-479	11.062309
-478	11.072947
-477	11.103077
-476	11.120756
-475	11.144871
-474	11.180480
-473	11.219913
-472	11.251052
-471	11.272042
-470	11.305767
-469	11.347829
-468	11.368392
-467	11.390240
-466	11.436955
-465	11.448397
-464	11.477778
-463	11.505711
-462	11.532137
-461	11.565952
-460	11.587069
-459	11.603510
-458	11.609383
-457	11.627553
-456	11.652064
-455	11.673193
-454	11.679988
-453	11.707099
-452	11.738902
-451	11.766852
-450	11.787138
-449	11.794508
-448	11.821695
-447	11.859899
-446	11.878229
-445	11.891634
-444	11.906905
-443	11.942047
-442	11.971775
-441	11.976913
-440	11.996925
-439	12.038344
-438	12.053863
-437	12.070110
-436	12.084534
-435	12.115307
-434	12.128393
-433	12.176645
-432	12.205393
-431	12.223820
-430	12.259660
-429	12.283082
-428	12.301181
-427	12.319027
-426	12.350399
-425	12.378750
-424	12.405824
-423	12.439003
-422	12.449176
-421	12.465806
-420	12.486053
-419	12.520506
-418	12.552657
-417	12.577385
-416	12.613810
-415	12.648553
-414	12.659930
-413	12.681713
-412	12.697709
-411	12.717455
-410	12.755456
-409	12.772874
-408	12.789436
-407	12.822997
-406	12.848200
-405	12.876494
-404	12.912501
-403	12.926250
-402	12.959552
-401	12.982055
-400	13.014318
-399	13.029215
-398	13.049678
-397	13.059285
-396	13.062413
-395	13.092578
-394	13.106509
-393	13.134869
-392	13.156701
-391	13.193428
-390	13.230771
-389	13.262923
-388	13.286087
-387	13.313127
-386	13.353732
-385	13.374491
-384	13.382879
-383	13.420599
-382	13.438378
-381	13.470603
-380	13.508623
-379	13.523428
-378	13.544223
-377	13.587550
-376	13.600004
-375	13.614856
-374	13.648713
-373	13.671881
-372	13.693962
-371	13.728745
-370	13.755124
-369	13.762880
-368	13.790950
-367	13.814702
-366	13.855067
-365	13.879465
-364	13.904373
-363	13.943376
-362	13.949433
-361	13.968711
-360	14.000748
-359	14.008690
-358	14.030642
-357	14.060437
-356	14.090590
-355	14.122732
-354	14.130589
-353	14.147581
-352	14.165064
-351	14.179510
-350	14.212121
-349	14.230201
-348	14.231781
-347	14.263351
-346	14.268639
-345	14.298643
-344	14.295246
-343	14.309930
-342	14.350261
-341	14.383512
-340	14.402404
-339	14.433405
-338	14.460655
-337	14.490554
-336	14.525362
-335	14.552662
-334	14.578999
-333	14.611500
-332	14.624639
-331	14.642219
-330	14.661460
-329	14.687238
-328	14.730015
-327	14.765340
-326	14.758752
-325	14.777131
-324	14.793620
-323	14.805854
-322	14.799763
-321	14.829862
-320	14.846149
-319	14.892713
-318	14.920398
-317	14.954664
-316	14.971154
-315	15.007837
-314	15.019798
-313	15.030784
-312	15.048204
-311	15.072614
-310	15.110321
-309	15.121220
-308	15.142694
-307	15.134395
-306	15.143043
-305	15.164702
-304	15.185388
-303	15.214503
-302	15.225192
-301	15.243394
-300	15.230142
-299	15.229714
-298	15.239775
-297	15.260451
-296	15.268285
-295	15.268918
-294	15.294632
-293	15.315198
-292	15.317974
-291	15.323801
-290	15.357517
-289	15.367071
-288	15.374706
-287	15.379295
-286	15.385155
-285	15.386809
-284	15.416133
-283	15.402988
-282	15.405325
-281	15.417024
-280	15.408354
-279	15.412125
-278	15.411867
-277	15.407353
-276	15.405739
-275	15.429615
-274	15.434866
-273	15.426385
-272	15.416390
-271	15.440271
-270	15.437367
-269	15.424687
-268	15.412902
-267	15.423969
-266	15.439604
-265	15.437796
-264	15.439087
-263	15.427061
-262	15.439974
-261	15.451830
-260	15.439533
-259	15.416736
-258	15.410241
-257	15.415390
-256	15.427460
-255	15.416044
-254	15.390847
-253	15.403105
-252	15.395155
-251	15.409233
-250	15.417433
-249	15.419583
-248	15.393287
-247	15.386842
-246	15.372289
-245	15.355972
-244	15.349295
-243	15.338331
-242	15.317845
-241	15.306915
-240	15.309177
-239	15.294303
-238	15.291996
-237	15.278793
-236	15.265624
-235	15.269307
-234	15.243507
-233	15.235242
-232	15.234022
-231	15.213995
-230	15.184296
-229	15.185441
-228	15.174656
-227	15.171646
-226	15.161127
-225	15.143389
-224	15.141195
-223	15.115047
-222	15.081409
-221	15.072849
-220	15.070296
-219	15.046983
-218	15.033433
-217	15.027633
-216	15.030732
-215	14.999342
-214	14.970809
-213	14.966716
-212	14.945728
-211	14.931007
-210	14.890661
-209	14.894239
-208	14.861727
-207	14.842583
-206	14.824627
-205	14.808605
-204	14.788698
-203	14.785084
-202	14.778182
-201	14.753736
-200	14.738590
-199	14.723040
-198	14.699140
-197	14.673598
-196	14.669709
-195	14.655035
-194	14.647734
-193	14.609865
-192	14.590842
-191	14.557063
-190	14.526761
-189	14.533072
-188	14.513047
-187	14.479131
-186	14.450956
-185	14.431483
-184	14.431150
-183	14.408914
-182	14.382846
-181	14.356921
-180	14.329980
-179	14.311262
-178	14.290175
-177	14.266719
-176	14.233731
-175	14.211785
-174	14.204765
-173	14.182634
-172	14.155338
-171	14.115281
-170	14.095971
-169	14.077186
-168	14.049729
-167	14.036863
-166	14.002850
-165	13.969331
-164	13.931497
-163	13.916431
-162	13.902517
-161	13.883099
-160	13.875018
-159	13.849316
-158	13.823366
-157	13.810728
-156	13.782660
-155	13.765653
-154	13.743675
-153	13.725191
-152	13.702694
-151	13.670420
-150	13.634332
-149	13.603173
-148	13.572974
-147	13.545553
-146	13.510555
-145	13.501591
-144	13.487205
-143	13.463397
-142	13.435738
-141	13.406713
-140	13.411089
-139	13.376131
-138	13.347527
-137	13.332629
-136	13.309313
-135	13.281057
-134	13.246861
-133	13.203776
-132	13.164729
-131	13.134319
-130	13.115956
-129	13.104550
-128	13.080313
-127	13.047773
-126	13.030383
-125	12.995591
-124	12.964232
-123	12.948433
-122	12.920876
-121	12.913292
-120	12.897775
-119	12.880623
-118	12.868924
-117	12.838528
-116	12.817256
-115	12.804263
-114	12.778808
-113	12.765998
-112	12.746973
-111	12.741014
-110	12.719055
-109	12.708713
-108	12.677990
-107	12.658412
-106	12.630012
-105	12.614870
-104	12.599056
-103	12.579240
-102	12.562767
-101	12.541292
-100	12.525270
-99	12.513576
-98	12.514394
-97	12.508363
-96	12.490568
-95	12.474300
-94	12.466943
-93	12.458764
-92	12.439614
-91	12.443852
-90	12.414859
-89	12.406918
-88	12.413378
-87	12.403066
-86	12.409131
-85	12.405467
-84	12.408520
-83	12.406067
-82	12.426451
-81	12.415323
-80	12.410201
-79	12.407592
-78	12.400542
-77	12.406818
-76	12.392157
-75	12.401916
-74	12.378670
-73	12.379169
-72	12.388767
-71	12.372712
-70	12.375045
-69	12.372351
-68	12.355763
-67	12.363865
-66	12.365881
-65	12.366127
-64	12.365606
-63	12.377004
-62	12.371858
-61	12.370555
-60	12.382469
-59	12.395480
-58	12.413597
-57	12.414229
-56	12.425743
-55	12.438361
-54	12.468174
-53	12.482745
-52	12.511855
-51	12.526145
-50	12.534958
-49	12.549639
-48	12.564266
-47	12.587224
-46	12.586478
-45	12.599385
-44	12.640304
-43	12.662772
-42	12.688619
-41	12.703333
-40	12.725539
-39	12.771117
-38	12.797039
-37	12.820226
-36	12.835938
-35	12.864977
-34	12.906841
-33	12.930574
-32	12.963683
-31	13.002611
-30	13.037561
-29	13.062388
-28	13.095967
-27	13.135390
-26	13.157042
-25	13.179829
-24	13.234977
-23	13.275166
-22	13.313628
-21	13.345888
-20	13.399270
-19	13.444532
-18	13.469622
-17	13.510342
-16	13.570182
-15	13.613740
-14	13.658930
-13	13.688120
-12	13.734993
-11	13.776907
-10	13.815165
-9	13.864549
-8	13.907965
-7	13.960200
-6	14.017696
-5	14.094467
-4	14.152159
-3	14.211910
-2	14.251953
-1	14.304580
1	14.381440
2	14.436033
3	14.500669
4	14.590871
5	14.657019
6	14.717766
7	14.769225
8	14.814801
9	14.881731
10	14.944140
11	15.012307
12	15.073704
13	15.140270
14	15.214936
15	15.274335
16	15.354286
17	15.424415
18	15.505251
19	15.584801
20	15.659388
21	15.737144
22	15.820653
23	15.887349
24	15.967208
25	16.038235
26	16.110208
27	16.182462
28	16.250941
29	16.332328
30	16.401662
31	16.490318
32	16.556465
33	16.634251
34	16.702071
35	16.789052
36	16.862260
37	16.936844
38	17.026803
39	17.088082
40	17.185240
41	17.263496
42	17.347499
43	17.424491
44	17.502828
45	17.587952
46	17.677155
47	17.742818
48	17.827390
49	17.904264
50	17.982364
51	18.073661
52	18.154079
53	18.242206
54	18.337442
55	18.429944
56	18.515854
57	18.610097
58	18.689181
59	18.784094
60	18.866363
61	18.958478
62	19.025149
63	19.108761
64	19.188033
65	19.277823
66	19.361570
67	19.456425
68	19.563387
69	19.632136
70	19.730128
71	19.805821
72	19.883888
73	19.954571
74	20.054881
75	20.148417
76	20.231488
77	20.325650
78	20.418730
79	20.519926
80	20.621444
81	20.706549
82	20.789905
83	20.841814
84	20.940712
85	21.036967
86	21.123530
87	21.232337
88	21.308127
89	21.403451
90	21.492146
91	21.575732
92	21.681231
93	21.782591
94	21.882783
95	21.949716
96	22.030598
97	22.121808
98	22.201449
99	22.283810
100	22.361086
101	22.461309
102	22.544581
103	22.613216
104	22.695311
105	22.799047
106	22.892388
107	22.997122
108	23.082532
109	23.165801
110	23.271772
111	23.351207
112	23.437077
113	23.523182
114	23.588309
115	23.647951
116	23.714624
117	23.730667
118	23.807315
119	23.897626
120	23.971374
121	24.060720
122	24.145170
123	24.219394
124	24.271554
125	24.380484
126	24.453041
127	24.537718
128	24.617437
129	24.701215
130	24.795726
131	24.872223
132	24.940073
133	25.006304
134	25.065732
135	25.123941
136	25.177706
137	25.251197
138	25.340497
139	25.434001
140	25.485104
141	25.540263
142	25.608337
143	25.688160
144	25.776322
145	25.842073
146	25.935503
147	26.009257
148	26.106133
149	26.191543
150	26.242231
151	26.299599
152	26.390513
153	26.463246
154	26.531517
155	26.609480
156	26.677458
157	26.752360
158	26.819529
159	26.867321
160	26.930700
161	26.981121
162	27.029271
163	27.102850
164	27.157695
165	27.244030
166	27.294668
167	27.336254
168	27.387320
169	27.450542
170	27.523014
171	27.572197
172	27.613551
173	27.653391
174	27.754003
175	27.804673
176	27.872551
177	27.972435
178	28.039171
179	28.113668
180	28.184090
181	28.274490
182	28.315947
183	28.345060
184	28.384615
185	28.458664
186	28.519678
187	28.564369
188	28.624647
189	28.695554
190	28.729975
191	28.792039
192	28.874892
193	28.940326
194	28.982557
195	29.020098
196	29.046240
197	29.095655
198	29.164228
199	29.194635
200	29.251669
201	29.298066
202	29.329422
203	29.369409
204	29.399222
205	29.416882
206	29.435675
207	29.497936
208	29.529134
209	29.568133
210	29.601546
211	29.646193
212	29.651814
213	29.673242
214	29.737485
215	29.766382
216	29.809492
217	29.874346
218	29.913909
219	29.924617
220	29.949706
221	29.982139
222	30.017820
223	30.029185
224	30.070562
225	30.104529
226	30.119415
227	30.167758
228	30.178474
229	30.191037
230	30.220892
231	30.250604
232	30.289246
233	30.320374
234	30.360994
235	30.407856
236	30.428206
237	30.470582
238	30.476148
239	30.522897
240	30.532562
241	30.550098
242	30.567903
243	30.574752
244	30.598262
245	30.616174
246	30.619885
247	30.650979
248	30.661600
249	30.691181
250	30.678964
251	30.709679
252	30.735689
253	30.749248
254	30.761160
255	30.747479
256	30.780655
257	30.824007
258	30.853096
259	30.874633
260	30.865984
261	30.888186
262	30.889642
263	30.926096
264	30.922496
265	30.936423
266	30.976760
267	30.992559
268	31.019837
269	31.053100
270	31.066169
271	31.037955
272	31.096643
273	31.109532
274	31.119872
275	31.125919
276	31.105074
277	31.137875
278	31.114224
279	31.150050
280	31.183578
281	31.185509
282	31.184719
283	31.195399
284	31.175244
285	31.177852
286	31.182361
287	31.180947
288	31.149849
289	31.164487
290	31.174977
291	31.154317
292	31.159612
293	31.184350
294	31.222657
295	31.208759
296	31.207590
297	31.204760
298	31.234632
299	31.242042
300	31.246238
301	31.262853
302	31.242190
303	31.234570
304	31.259741
305	31.208630
306	31.215913
307	31.238291
308	31.254025
309	31.281504
310	31.262838
311	31.281448
312	31.289379
313	31.276897
314	31.257581
315	31.263400
316	31.260288
317	31.243080
318	31.239949
319	31.211051
320	31.227955
321	31.209166
322	31.170517
323	31.130464
324	31.134746
325	31.121741
326	31.082658
327	31.090886
328	31.112501
329	31.127807
330	31.132626
331	31.120452
332	31.126401
333	31.113609
334	31.105157
335	31.079361
336	31.094932
337	31.113912
338	31.135312
339	31.143466
340	31.112799
341	31.135795
342	31.148199
343	31.149388
344	31.134989
345	31.126774
346	31.124324
347	31.114652
348	31.121689
349	31.161430
350	31.104203
351	31.117426
352	31.092202
353	31.070603
354	31.104105
355	31.111766
356	31.121038
357	31.059225
358	31.066030
359	31.042400
360	31.044564
361	31.040605
362	31.036011
363	31.025219
364	31.011042
365	31.035217
366	31.052318
367	31.041008
368	31.008202
369	31.023042
370	31.069855
371	31.068422
372	31.076358
373	31.066483
374	31.042655
375	31.078828
376	31.089792
377	31.063697
378	31.076870
379	31.052747
380	31.042873
381	31.040822
382	31.047098
383	31.044837
384	31.069256
385	31.030160
386	31.029229
387	31.040978
388	31.011213
389	31.039266
390	31.004206
391	30.999370
392	31.005695
393	31.011950
394	31.003242
395	31.013873
396	31.030730
397	31.030199
398	31.032477
399	31.027512
400	31.016433
401	30.968725
402	30.977833
403	30.941460
404	30.930496
405	30.901664
406	30.888922
407	30.885525
408	30.863303
409	30.886562
410	30.833406
411	30.825121
412	30.861771
413	30.889870
414	30.858834
415	30.868023
416	30.884827
417	30.840329
418	30.811261
419	30.788435
420	30.764150
421	30.759364
422	30.751333
423	30.718282
424	30.690473
425	30.653849
426	30.657454
427	30.628086
428	30.627994
429	30.638978
430	30.614495
431	30.586902
432	30.571982
433	30.579593
434	30.554167
435	30.525518
436	30.492360
437	30.505426
438	30.517926
439	30.489065
440	30.490902
441	30.493667
442	30.502036
443	30.513816
444	30.511709
445	30.512687
446	30.484835
447	30.446860
448	30.440083
449	30.436173
450	30.419073
451	30.392150
452	30.382353
453	30.339035
454	30.348307
455	30.325359
456	30.332139
457	30.291254
458	30.285528
459	30.265395
460	30.264288
461	30.248521
462	30.205991
463	30.192584
464	30.160437
465	30.185297
466	30.186371
467	30.169212
468	30.145643
469	30.134930
470	30.089664
471	30.084194
472	30.067745
473	30.029334
474	29.982986
475	29.990967
476	29.973324
477	29.957772
478	29.923780
479	29.919754
480	29.886726
481	29.879734
482	29.809541
483	29.780604
484	29.778359
485	29.790375
486	29.739158
487	29.755588
488	29.717653
489	29.703661
490	29.662799
491	29.624326
492	29.611584
493	29.562056
494	29.497367
495	29.458268
496	29.435567
497	29.386611
498	29.340594
499	29.310096
500	29.282791
501	29.232588
502	29.187676
503	29.144890
504	29.115438
505	29.083499
506	29.072793
507	29.054217
508	29.023314
509	29.022324
510	29.008164
511	29.017500
512	28.996879
513	28.970137
514	28.931176
515	28.928342
516	28.922774
517	28.899245
518	28.872398
519	28.819051
520	28.781756
521	28.747085
522	28.742531
523	28.696424
524	28.653396
525	28.602047
526	28.570436
527	28.584250
528	28.566595
529	28.545273
530	28.544209
531	28.522727
532	28.475369
533	28.449852
534	28.414535
535	28.413075
536	28.381408
537	28.351933
538	28.342066
539	28.323660
540	28.280693
541	28.279474
542	28.244114
543	28.188986
544	28.178104
545	28.192089
546	28.157147
547	28.167400
548	28.123078
549	28.108294
550	28.078702
551	28.065933
552	28.037722
553	27.997307
554	27.969021
555	27.923098
556	27.900955
557	27.887494
558	27.897099
559	27.894442
560	27.872549
561	27.833262
562	27.809916
563	27.793941
564	27.752922
565	27.751821
566	27.751048
567	27.717431
568	27.703423
569	27.650635
570	27.620179
571	27.592857
572	27.575350
573	27.555577
574	27.523552
575	27.489537
576	27.445155
577	27.438228
578	27.392783
579	27.357578
580	27.335688
581	27.325259
582	27.347500
583	27.323590
584	27.305292
585	27.268278
586	27.235340
587	27.224166
588	27.189420
589	27.163157
590	27.144007
591	27.117452
592	27.088096
593	27.096872
594	27.051624
595	27.028194
596	26.993014
597	26.969426
598	26.963011
599	26.911590
600	26.857226
601	26.866906
602	26.826041
603	26.817086
604	26.803132
605	26.781027
606	26.761486
607	26.730978
608	26.716197
609	26.707482
610	26.719668
611	26.719824
612	26.708724
613	26.674909
614	26.633613
615	26.608708
616	26.572238
617	26.513775
618	26.486592
619	26.447356
620	26.385657
621	26.385618
622	26.372933
623	26.308478
624	26.285936
625	26.254824
626	26.234800
627	26.209732
628	26.199169
629	26.191006
630	26.186156
631	26.150734
632	26.111263
633	26.079767
634	26.061163
635	26.060091
636	26.029483
637	25.995039
638	25.955846
639	25.919510
640	25.880519
641	25.851175
642	25.828178
643	25.826318
644	25.790488
645	25.763408
646	25.724100
647	25.698513
648	25.668214
649	25.608246
650	25.585566
651	25.554113
652	25.534056
653	25.511519
654	25.496923
655	25.481818
656	25.444068
657	25.375911
658	25.356758
659	25.301549
660	25.271362
661	25.277308
662	25.267346
663	25.199915
664	25.159560
665	25.106160
666	25.057133
667	25.037491
668	25.005874
669	24.999149
670	24.966165
671	24.937096
672	24.925177
673	24.881196
674	24.846496
675	24.829963
676	24.780652
677	24.739487
678	24.718102
679	24.684782
680	24.645602
681	24.628099
682	24.562926
683	24.546396
684	24.506443
685	24.476715
686	24.445390
687	24.409856
688	24.410583
689	24.389963
690	24.356926
691	24.350294
692	24.294040
693	24.297628
694	24.284988
695	24.269753
696	24.252335
697	24.243025
698	24.223843
699	24.200380
700	24.167128
701	24.144805
702	24.124087
703	24.121884
704	24.096745
705	24.096933
706	24.050436
707	24.033270
708	24.004771
709	23.976472
710	23.948560
711	23.925665
712	23.892177
713	23.871014
714	23.858861
715	23.824156
716	23.803826
717	23.762922
718	23.720205
719	23.695339
720	23.656515
721	23.634724
722	23.623873
723	23.597581
724	23.581256
725	23.569425
726	23.565666
727	23.545516
728	23.542040
729	23.523217
730	23.518264
731	23.477521
732	23.420341
733	23.409833
734	23.386892
735	23.383252
736	23.361316
737	23.333206
738	23.294085
739	23.270050
740	23.254443
741	23.208063
742	23.198570
743	23.195076
744	23.198517
745	23.184152
746	23.140862
747	23.123614
748	23.109450
749	23.072681
750	23.052737
751	23.037875
752	23.020488
753	22.997215
754	22.962727
755	22.927832
756	22.885567
757	22.860678
758	22.838605
759	22.795771
760	22.780443
761	22.757969
762	22.724457
763	22.668795
764	22.642478
765	22.632848
766	22.607014
767	22.603819
768	22.577081
769	22.562378
770	22.538343
771	22.535058
772	22.514472
773	22.483176
774	22.471119
775	22.441765
776	22.411979
777	22.398905
778	22.385555
779	22.387264
780	22.376472
781	22.321653
782	22.277071
783	22.251983
784	22.224051
785	22.209653
786	22.163721
787	22.156966
788	22.115890
789	22.088205
790	22.065530
791	22.052221
792	22.031148
793	22.005660
794	22.000697
795	21.975852
796	21.976492
797	21.952892
798	21.923664
799	21.912715
800	21.899930
801	21.861186
802	21.824342
803	21.826589
804	21.830412
805	21.804134
806	21.800908
807	21.746431
808	21.706863
809	21.678775
810	21.674424
811	21.665310
812	21.652310
813	21.603342
814	21.590000
815	21.535916
816	21.499227
817	21.443600
818	21.411680
819	21.375167
820	21.362681
821	21.335719
822	21.336734
823	21.299483
824	21.293762
825	21.267726
826	21.235794
827	21.209182
828	21.200365
829	21.154644
830	21.140956
831	21.120822
832	21.111644
833	21.097872
834	21.092140
835	21.109287
836	21.073487
837	21.059167
838	21.052558
839	21.004346
840	20.986878
841	20.977144
842	20.970180
843	20.951723
844	20.939526
845	20.941951
846	20.926178
847	20.905377
848	20.878250
849	20.854934
850	20.851543
851	20.820855
852	20.801280
853	20.761984
854	20.726626
855	20.701117
856	20.691544
857	20.678820
858	20.655952
859	20.615358
860	20.604588
861	20.582890
862	20.591720
863	20.560787
864	20.544798
865	20.492259
866	20.467744
867	20.448297
868	20.402249
869	20.393019
870	20.373080
871	20.342996
872	20.320358
873	20.280106
874	20.265560
875	20.221349
876	20.178926
877	20.154247
878	20.136944
879	20.111262
880	20.083859
881	20.082758
882	20.080460
883	20.048782
884	20.014474
885	19.979598
886	19.961023
887	19.918053
888	19.896742
889	19.897681
890	19.885039
891	19.837549
892	19.830175
893	19.789423
894	19.772142
895	19.777820
896	19.759181
897	19.752870
898	19.733697
899	19.712241
900	19.677653
901	19.667188
902	19.656066
903	19.616090
904	19.574158
905	19.562643
906	19.535166
907	19.540791
908	19.525290
909	19.509232
910	19.490028
911	19.480161
912	19.450432
913	19.412615
914	19.424088
915	19.375616
916	19.372555
917	19.340177
918	19.295771
919	19.262481
920	19.236058
921	19.200896
922	19.142483
923	19.134531
924	19.102043
925	19.071057
926	19.037912
927	18.986090
928	18.980782
929	18.970407
930	18.934627
931	18.931882
932	18.879915
933	18.882334
934	18.871668
935	18.859740
936	18.819737
937	18.798130
938	18.778192
939	18.755780
940	18.754696
941	18.711689
942	18.692401
943	18.671615
944	18.654782
945	18.618926
946	18.589155
947	18.571656
948	18.568499
949	18.547128
950	18.516432
951	18.485176
952	18.446396
953	18.411916
954	18.406353
955	18.388824
956	18.367757
957	18.358820
958	18.319892
959	18.281526
960	18.256872
961	18.222513
962	18.196492
963	18.179234
964	18.154598
965	18.139341
966	18.111599
967	18.103005
968	18.081785
969	18.065645
970	18.056113
971	18.047343
972	18.013176
973	17.978173
974	17.969920
975	17.956499
976	17.945004
977	17.924367
978	17.891210
979	17.870846
980	17.844337
981	17.816957
982	17.792213
983	17.747502
984	17.728102
985	17.679363
986	17.640304
987	17.619089
988	17.596263
989	17.568385
990	17.555601
991	17.552502
992	17.509364
993	17.506449
994	17.492672
995	17.475250
996	17.428601
997	17.424012
998	17.420905
999	17.396068
1000	17.368529
1001	17.370741
1002	17.343780
1003	17.327985
1004	17.305205
1005	17.264290
1006	17.258480
1007	17.235871
1008	17.220522
1009	17.197144
1010	17.173168
1011	17.147232
1012	17.113082
1013	17.091747
1014	17.060471
1015	17.039746
1016	17.021292
1017	16.985674
1018	16.967533
1019	16.944594
1020	16.930118
1021	16.896751
1022	16.882904
1023	16.875798
1024	16.827615
1025	16.812572
1026	16.787697
1027	16.771900
1028	16.733203
1029	16.725731
1030	16.711515
1031	16.675321
1032	16.661569
1033	16.653356
1034	16.616151
1035	16.611417
1036	16.595201
1037	16.549891
1038	16.536120
1039	16.511053
1040	16.488380
1041	16.474075
1042	16.451499
1043	16.437118
1044	16.410200
1045	16.385756
1046	16.369726
1047	16.319681
1048	16.288479
1049	16.251837
1050	16.245036
1051	16.200684
1052	16.182281
1053	16.149065
1054	16.113956
1055	16.078748
1056	16.057987
1057	16.033580
1058	16.015154
1059	16.004382
1060	16.000896
1061	15.972212
1062	15.938390
1063	15.927583
1064	15.926281
1065	15.896404
1066	15.864508
1067	15.834746
1068	15.805527
1069	15.769827
1070	15.743380
1071	15.709288
1072	15.670540
1073	15.643560
1074	15.596458
1075	15.585017
1076	15.568221
1077	15.548438
1078	15.540444
1079	15.496749
1080	15.476645
1081	15.449154
1082	15.446170
1083	15.422221
1084	15.414583
1085	15.390279
1086	15.337039
1087	15.294156
1088	15.278940
1089	15.271366
1090	15.259643
1091	15.242850
1092	15.203933
1093	15.202133
1094	15.185380
1095	15.167960
1096	15.150828
1097	15.135171
1098	15.122747
1099	15.109611
1100	15.100686
1101	15.084381
1102	15.073428
1103	15.050519
1104	15.023118
1105	14.995580
1106	14.976570
1107	14.942571
1108	14.913813
1109	14.899242
1110	14.864221
1111	14.846549
1112	14.858764
1113	14.837231
1114	14.824487
1115	14.821478
1116	14.806233
1117	14.793210
1118	14.785162
1119	14.758073
1120	14.731835
1121	14.717000
1122	14.689258
1123	14.680685
1124	14.672202
1125	14.652443
1126	14.615500
1127	14.593184
1128	14.578547
1129	14.558389
1130	14.544227
1131	14.511401
1132	14.496696
1133	14.483315
1134	14.468313
1135	14.462689
1136	14.444620
1137	14.433924
1138	14.420977
1139	14.396668
1140	14.392356
1141	14.363389
1142	14.363408
1143	14.355826
1144	14.341278
1145	14.306265
1146	14.299415
1147	14.293176
1148	14.283512
1149	14.276578
1150	14.257863
1151	14.245798
1152	14.238333
1153	14.231957
1154	14.212046
1155	14.197169
1156	14.173566
1157	14.153861
1158	14.146704
1159	14.121144
1160	14.104978
1161	14.082653
1162	14.074311
1163	14.068711
1164	14.050035
1165	14.016890
1166	14.022454
1167	14.014288
1168	13.994137
1169	13.976427
1170	13.960040
1171	13.957941
1172	13.927008
1173	13.914516
1174	13.905873
1175	13.903296
1176	13.880075
1177	13.862375
1178	13.857904
1179	13.850875
1180	13.841668
1181	13.820998
1182	13.800831
1183	13.769399
1184	13.747249
1185	13.731489
1186	13.722221
1187	13.700993
1188	13.676279
1189	13.673406
1190	13.656312
1191	13.642815
1192	13.626206
1193	13.597651
1194	13.584706
1195	13.553133
1196	13.553530
1197	13.534236
1198	13.521966
1199	13.509822
1200	13.483520
1201	13.468001
1202	13.460873
1203	13.436328
1204	13.407352
1205	13.396677
1206	13.396579
1207	13.371275
1208	13.346297
1209	13.335579
1210	13.313611
1211	13.313648
1212	13.280311
1213	13.255439
1214	13.234538
1215	13.210850
1216	13.180301
1217	13.157897
1218	13.122251
1219	13.102289
1220	13.085996
1221	13.075108
1222	13.077379
1223	13.048669
1224	13.017853
1225	12.999317
1226	12.982545
1227	12.946093
1228	12.909748
1229	12.886395
1230	12.885245
1231	12.862089
1232	12.858374
1233	12.817122
1234	12.815955
1235	12.807405
1236	12.775010
1237	12.768788
1238	12.745848
1239	12.726110
1240	12.711910
1241	12.707151
1242	12.670647
1243	12.655699
1244	12.634242
1245	12.614961
1246	12.601550
1247	12.577655
1248	12.547185
1249	12.533547
1250	12.521664
1251	12.506109
1252	12.495234
1253	12.482530
1254	12.467839
1255	12.431332
1256	12.414615
1257	12.407349
1258	12.407739
1259	12.369296
1260	12.356465
1261	12.356839
1262	12.345485
1263	12.320118
1264	12.297640
1265	12.284918
1266	12.275474
1267	12.241686
1268	12.222759
1269	12.210120
1270	12.182585
1271	12.187545
1272	12.189403
1273	12.169193
1274	12.167400
1275	12.150240
1276	12.131492
1277	12.121434
1278	12.104327
1279	12.108166
1280	12.100900
1281	12.091368
1282	12.085902
1283	12.061872
1284	12.035317
1285	12.016710
1286	12.005558
1287	11.980966
1288	11.980964
1289	11.955950
1290	11.954758
1291	11.941352
1292	11.932024
1293	11.911424
1294	11.901004
1295	11.881181
1296	11.867681
1297	11.876450
1298	11.865429
1299	11.865112
1300	11.847759
1301	11.842524
1302	11.824166
1303	11.806389
1304	11.784055
1305	11.781043
1306	11.751644
1307	11.753530
1308	11.733139
1309	11.706075
1310	11.697415
1311	11.687883
1312	11.682364
1313	11.653635
1314	11.637627
1315	11.632332
1316	11.608701
1317	11.600820
1318	11.589868
1319	11.589426
1320	11.586479
1321	11.567758
1322	11.551984
1323	11.538013
1324	11.525866
1325	11.511032
1326	11.507313
1327	11.509419
1328	11.515346
1329	11.497761
1330	11.505580
1331	11.491780
1332	11.478569
1333	11.476334
1334	11.448502
1335	11.441635
1336	11.434312
1337	11.416797
1338	11.405297
1339	11.379356
1340	11.358528
1341	11.336560
1342	11.329810
1343	11.318645
1344	11.306731
1345	11.299077
1346	11.270362
1347	11.265015
1348	11.252966
1349	11.228182
1350	11.209450
1351	11.209042
1352	11.187340
1353	11.184510
1354	11.172036
1355	11.164136
1356	11.154247
1357	11.137416
1358	11.124833
1359	11.126857
1360	11.097127
1361	11.085290
1362	11.062273
1363	11.062493
1364	11.035033
1365	11.019568
1366	11.022889
1367	10.987327
1368	10.964318
1369	10.948202
1370	10.936195
1371	10.914227
1372	10.897762
1373	10.878539
1374	10.854981
1375	10.843921
1376	10.828807
1377	10.810332
1378	10.809020
1379	10.790472
1380	10.778706
1381	10.789755
1382	10.788453
1383	10.782151
1384	10.766714
1385	10.762137
1386	10.749377
1387	10.725158
1388	10.715620
1389	10.703176
1390	10.684694
1391	10.685070
1392	10.684907
1393	10.682075
1394	10.663972
1395	10.648909
1396	10.626633
1397	10.626758
1398	10.618967
1399	10.606452
1400	10.583432
1401	10.583016
1402	10.557914
1403	10.541865
1404	10.509492
1405	10.493082
1406	10.480739
1407	10.476053
1408	10.479189
1409	10.469688
1410	10.445000
1411	10.419097
1412	10.415031
1413	10.420342
1414	10.411725
1415	10.406913
1416	10.400486
1417	10.395629
1418	10.389373
1419	10.384053
1420	10.380822
1421	10.357481
1422	10.333092
1423	10.331622
1424	10.323362
1425	10.319486
1426	10.302423
1427	10.277851
1428	10.270011
1429	10.267341
1430	10.263472
1431	10.245545
1432	10.229041
1433	10.218301
1434	10.186141
1435	10.189954
1436	10.175347
1437	10.163245
1438	10.155563
1439	10.135294
1440	10.129618
1441	10.110603
1442	10.091750
1443	10.089833
1444	10.077499
1445	10.079954
1446	10.073444
1447	10.074984
1448	10.071353
1449	10.053282
1450	10.035009
1451	10.031566
1452	10.026040
1453	10.005091
1454	9.975971
1455	9.969498
1456	9.965470
1457	9.960608
1458	9.953614
1459	9.937880
1460	9.934930
1461	9.926546
1462	9.916844
1463	9.899678
1464	9.894414
1465	9.881543
1466	9.863230
1467	9.860090
1468	9.840433
1469	9.821055
1470	9.824263
1471	9.815266
1472	9.814519
1473	9.813317
1474	9.789838
1475	9.776801
1476	9.783579
1477	9.780200
1478	9.776865
1479	9.767136
1480	9.754958
1481	9.728818
1482	9.728236
1483	9.734820
1484	9.728032
1485	9.706500
1486	9.687937
1487	9.688142
1488	9.687478
1489	9.683641
1490	9.681842
1491	9.668198
1492	9.670356
1493	9.648066
1494	9.638344
1495	9.619284
1496	9.597051
1497	9.581601
1498	9.568250
1499	9.552487
1500	9.535005
1501	9.527129
1502	9.523335
1503	9.511053
1504	9.503437
1505	9.482662
1506	9.472162
1507	9.475997
1508	9.466680
1509	9.464430
1510	9.461025
1511	9.456317
1512	9.444830
1513	9.439685
1514	9.438463
1515	9.414934
1516	9.402446
1517	9.399867
1518	9.388620
1519	9.380042
1520	9.370879
1521	9.356641
1522	9.340313
1523	9.324142
1524	9.304909
1525	9.293645
1526	9.285579
1527	9.278871
1528	9.254080
1529	9.245731
1530	9.234715
1531	9.230205
1532	9.217459
1533	9.222022
1534	9.233606
1535	9.226897
1536	9.216610
1537	9.188886
1538	9.177341
1539	9.174238
1540	9.163413
1541	9.170221
1542	9.166524
1543	9.149854
1544	9.127022
1545	9.124978
1546	9.129730
1547	9.114816
1548	9.098550
1549	9.088722
1550	9.073843
1551	9.065259
1552	9.057034
1553	9.032295
1554	9.027137
1555	9.016751
1556	8.998376
1557	8.997964
1558	8.997706
1559	8.995038
1560	8.975040
1561	8.969490
1562	8.970834
1563	8.959276
1564	8.966411
1565	8.942036
1566	8.924945
1567	8.919381
1568	8.904003
1569	8.889997
1570	8.879836
1571	8.878846
1572	8.866852
1573	8.849432
1574	8.860176
1575	8.868627
1576	8.863363
1577	8.869712
1578	8.842516
1579	8.847201
1580	8.826390
1581	8.813282
1582	8.825301
1583	8.814852
1584	8.797968
1585	8.780923
1586	8.779220
1587	8.767754
1588	8.744249
1589	8.730263
1590	8.705610
1591	8.695733
1592	8.699771
1593	8.706967
1594	8.694712
1595	8.677305
1596	8.666877
1597	8.666424
1598	8.664555
1599	8.652016
1600	8.640079
1601	8.625916
1602	8.631437
1603	8.612180
1604	8.606390
1605	8.588732
1606	8.561313
1607	8.558834
1608	8.557726
1609	8.553469
1610	8.531097
1611	8.523523
1612	8.512951
1613	8.498775
1614	8.490106
1615	8.481568
1616	8.464866
1617	8.450392
1618	8.425289
1619	8.416221
1620	8.385081
1621	8.395152
1622	8.380699
1623	8.366634
1624	8.356772
1625	8.351430
1626	8.344554
1627	8.346900
1628	8.351048
1629	8.345665
1630	8.330610
1631	8.332287
1632	8.324187
1633	8.314325
1634	8.302105
1635	8.298587
1636	8.289543
1637	8.287127
1638	8.282454
1639	8.277309
1640	8.279755
1641	8.273848
1642	8.263694
1643	8.249059
1644	8.244039
1645	8.229096
1646	8.232257
1647	8.233074
1648	8.219427
1649	8.212600
1650	8.187340
1651	8.165585
1652	8.156290
1653	8.149778
1654	8.137182
1655	8.109647
1656	8.103200
1657	8.099992
1658	8.089223
1659	8.084482
1660	8.071532
1661	8.065241
1662	8.056817
1663	8.050835
1664	8.054622
1665	8.051972
1666	8.040342
1667	8.041603
1668	8.037557
1669	8.021479
1670	8.002623
1671	7.997959
1672	7.991141
1673	7.999957
1674	7.991974
1675	7.999690
1676	7.987490
1677	7.984279
1678	7.980190
1679	7.980478
1680	7.976441
1681	7.964141
1682	7.952263
1683	7.932265
1684	7.920193
1685	7.906999
1686	7.900916
1687	7.882773
1688	7.878205
1689	7.865862
1690	7.861473
1691	7.861381
1692	7.854435
1693	7.841533
1694	7.841519
1695	7.834769
1696	7.823227
1697	7.812681
1698	7.795751
1699	7.811791
1700	7.798505
1701	7.778718
1702	7.770611
1703	7.759401
1704	7.743478
1705	7.736577
1706	7.717018
1707	7.704276
1708	7.672467
1709	7.652109
1710	7.641184
1711	7.640561
1712	7.616685
1713	7.596093
1714	7.589831
1715	7.585260
1716	7.574288
1717	7.572658
1718	7.558796
1719	7.556483
1720	7.560832
1721	7.549918
1722	7.523427
1723	7.518437
1724	7.514705
1725	7.497055
1726	7.478259
1727	7.467070
1728	7.457120
1729	7.429299
1730	7.423472
1731	7.407789
1732	7.401799
1733	7.396579
1734	7.389733
1735	7.375912
1736	7.372638
1737	7.353565
1738	7.346971
1739	7.343292
1740	7.352288
1741	7.336545
1742	7.338053
1743	7.329347
1744	7.320774
1745	7.305109
1746	7.306864
1747	7.302381
1748	7.299623
1749	7.293496
1750	7.293225
1751	7.292463
1752	7.279670
1753	7.275591
1754	7.278569
1755	7.260124
1756	7.234768
1757	7.228010
1758	7.216787
1759	7.214152
1760	7.205029
1761	7.195262
1762	7.204477
1763	7.193361
1764	7.177767
1765	7.175073
1766	7.159571
1767	7.150485
1768	7.140066
1769	7.140068
1770	7.127590
1771	7.107315
1772	7.106708
1773	7.096278
1774	7.081994
1775	7.083677
1776	7.070417
1777	7.077135
1778	7.075797
1779	7.079139
1780	7.071800
1781	7.070090
1782	7.047402
1783	7.053893
1784	7.037721
1785	7.032220
1786	7.037239
1787	7.033219
1788	7.014858
1789	7.005961
1790	7.010651
1791	6.994963
1792	6.982236
1793	6.986295
1794	6.974836
1795	6.966042
1796	6.954200
1797	6.944323
1798	6.934906
1799	6.927697
1800	6.923283
1801	6.913913
1802	6.897645
1803	6.894670
1804	6.881053
1805	6.894635
1806	6.896427
1807	6.889239
1808	6.882369
1809	6.872469
1810	6.859097
1811	6.861049
1812	6.852586
1813	6.849071
1814	6.852596
1815	6.842960
1816	6.842891
1817	6.827824
1818	6.803880
1819	6.799756
1820	6.799217
1821	6.813198
1822	6.804712
1823	6.788605
1824	6.785311
1825	6.779194
1826	6.765684
1827	6.759910
1828	6.752726
1829	6.746210
1830	6.757942
1831	6.754097
1832	6.743502
1833	6.733160
1834	6.711942
1835	6.720142
1836	6.709796
1837	6.707621
1838	6.691744
1839	6.688834
1840	6.679346
1841	6.673011
1842	6.665406
1843	6.666139
1844	6.659927
1845	6.671145
1846	6.669616
1847	6.663848
1848	6.647308
1849	6.647109
1850	6.644791
1851	6.643628
1852	6.627990
1853	6.619636
1854	6.614481
1855	6.596145
1856	6.576112
1857	6.575618
1858	6.569725
1859	6.575787
1860	6.567466
1861	6.577056
1862	6.563025
1863	6.556979
1864	6.552229
1865	6.540258
1866	6.545827
1867	6.538625
1868	6.536730
1869	6.514337
1870	6.508838
1871	6.499406
1872	6.495296
1873	6.475019
1874	6.477996
1875	6.470731
1876	6.463514
1877	6.445645
1878	6.446495
1879	6.449137
1880	6.440043
1881	6.430603
1882	6.429112
1883	6.429773
1884	6.415520
1885	6.412670
1886	6.411128
1887	6.408557
1888	6.400707
1889	6.384244
1890	6.381053
1891	6.386629
1892	6.379213
1893	6.377429
1894	6.376519
1895	6.371921
1896	6.365157
1897	6.357070
1898	6.353400
1899	6.339866
1900	6.339334
1901	6.337659
1902	6.328733
1903	6.322819
1904	6.331470
1905	6.321499
1906	6.328325
1907	6.324810
1908	6.307085
1909	6.300475
1910	6.298413
1911	6.283396
1912	6.268243
1913	6.268285
1914	6.265809
1915	6.262153
1916	6.252894
1917	6.240202
1918	6.230567
1919	6.229337
1920	6.230220
1921	6.232204
1922	6.209340
1923	6.201369
1924	6.201466
1925	6.187372
1926	6.181680
1927	6.171195
1928	6.164681
1929	6.152021
1930	6.142269
1931	6.133357
1932	6.132001
1933	6.132103
1934	6.134731
1935	6.123372
1936	6.099749
1937	6.096384
1938	6.094807
1939	6.089413
1940	6.071319
1941	6.059644
1942	6.045549
1943	6.047075
1944	6.017571
1945	6.003776
1946	6.008399
1947	5.998665
1948	5.989380
1949	5.986596
1950	5.981540
1951	5.973603
1952	5.959946
1953	5.951522
1954	5.961451
1955	5.969400
1956	5.971015
1957	5.967442
1958	5.968714
1959	5.957283
1960	5.942419
1961	5.933699
1962	5.922876
1963	5.918390
1964	5.907569
1965	5.908255
1966	5.904796
1967	5.899357
1968	5.894935
1969	5.883788
1970	5.882355
1971	5.879985
1972	5.859964
1973	5.856456
1974	5.851474
1975	5.839131
1976	5.834577
1977	5.834195
1978	5.825566
1979	5.817308
1980	5.811800
1981	5.824508
1982	5.816289
1983	5.807538
1984	5.797932
1985	5.790482
1986	5.786452
1987	5.772622
1988	5.776431
1989	5.768695
1990	5.758640
1991	5.761394
1992	5.757195
1993	5.745385
1994	5.736819
1995	5.742848
1996	5.748536
1997	5.748688
1998	5.757318
1999	5.756440
2000	5.753540
